superficie,latitude,longitude,nombrePieces,distanceCentre,distanceEcoles,prix
152,36.70776694688589,10.041734858242918,6,15.527952780418797,4.658725859248006,56239.66875419166
485,36.76065310293465,10.030238380904766,7,29.902557188662815,9.05569076760683,158267.33356006755
398,36.80741648543933,10.0768046595561,2,24.512122950427553,4.599119554087535,154822.7396947596
320,36.76533024835921,10.217828675818721,2,18.64897342781482,4.638802850303374,208311.21875263008
156,36.86557380075752,10.177888871577647,7,9.534481813205044,11.19925934122773,195205.03486620064
121,36.75430858316395,10.03066379926756,1,18.904927170603337,0.9125139724796312,77124.62826969307
238,36.89305036607815,10.275625156678224,8,16.04772318539372,13.56284592884141,84724.23948910969
70,36.79145303232275,10.237025391137227,3,13.069459824765959,12.813505340989485,88211.70105323345
152,36.8684046150024,10.00690678143629,6,4.355956113835885,10.083509311750817,304296.7036406929
171,36.738876006798975,10.195410163296474,9,26.654824349593767,8.979679237589288,117907.61892908132
264,36.782270781011334,10.231374000555922,6,13.768647140229014,13.406076972466852,331092.9900997793
380,36.83990244215344,10.112330610916127,9,6.24136409871257,2.942886657024974,467440.55832182197
137,36.727670618483565,10.020676461810165,7,11.348900850880044,1.3687436004242635,187259.46762258562
422,36.7265490844486,10.023196319646637,9,12.716827699603348,3.744750514661164,179510.85648975175
149,36.89390737342283,10.031274089815543,2,24.912367919222792,11.959758524762815,68477.20837303769
409,36.84291902083599,10.252131889594127,8,22.141624226561362,0.7131199475519532,164894.61180200882
201,36.708213503353576,10.273205859476715,8,23.194494362419523,8.825541159235646,74529.64551984867
180,36.77976418028896,10.03684323455372,2,0.8254223006450928,14.932475239631387,184526.72072626307
199,36.78670414751615,10.070771810378524,4,12.776542946302964,12.864302188795584,189533.89603300826
358,36.848808528599825,10.049656153110186,7,14.699652473242047,7.917396197845124,365093.83869408444
307,36.75017210546933,10.055896263848236,4,1.0661721662801722,1.1418854574423067,574889.6089896644
393,36.736866734866275,10.251247236700749,4,8.16448965797851,12.504328012908505,243036.80809224327
463,36.716174593323444,10.099643923796481,6,22.928549782102984,9.064881921022716,363396.10458782007
343,36.78566289498802,10.093433279213693,6,4.544736319005472,1.9010083564815892,518600.9601563721
435,36.837699980153076,10.068218686263133,3,16.291648877851454,1.5890878153856718,273651.37276332366
241,36.71163871910169,10.182368318138279,9,6.848455224508506,13.662476927661567,326572.3031348539
493,36.883042745525294,10.113791709515665,2,0.8575628519948515,10.10416389148356,622877.2973324504
326,36.788470445946224,10.223274895552986,6,7.615442999186474,12.473444629887982,288594.41795220575
210,36.747957471831484,10.06167394251269,7,29.288275769846585,13.208887724177556,150650.14891318828
363,36.71877465801626,10.236336966614349,9,24.145344800548195,8.662230810315169,152992.128584629
71,36.736573199421464,10.181116459519043,3,28.807511007470485,7.858206005974611,33553.34163564464
302,36.88692279946794,10.034280190016707,3,14.891694295827692,6.570325672750656,334653.7048808044
285,36.82765411876867,10.124351375261089,7,3.7372178609863536,4.890809499308566,488993.6910191127
394,36.80333925148531,10.259055442183888,4,16.664804924723942,6.6320202207089345,138428.82311781464
98,36.831422265700034,10.276888069539545,8,13.904131369518845,11.653418904806314,46083.47178304657
108,36.78713457973558,10.139710036695645,7,25.40853394081867,9.108466779023948,24927.087383772865
219,36.846007863312366,10.144251093426723,5,3.393436133135215,13.409344691331722,357770.86161401815
237,36.70954322553833,10.27553641748179,7,14.903113542142457,6.762024212811979,169865.07461933987
320,36.813207442098815,10.17612046724097,3,4.926435608472536,9.184925765037558,234838.0445471085
239,36.7317292895285,10.009854001073032,2,10.07793984325677,9.543351785761432,346092.16198295756
495,36.72403292956113,10.273824838863739,6,22.25203378294009,8.957118002133617,301624.21567701205
224,36.76837593334328,10.074467932827146,2,14.542534816378613,10.598979841665642,121586.8766496317
495,36.71835981316269,10.173289586227465,3,11.588704411800196,3.714015331947133,435948.94396397786
100,36.718831397653716,10.049653995228391,6,12.137050217816041,7.7829839076777025,103679.79064211877
413,36.76228266187826,10.010163748073978,5,14.053679667976606,1.7425270815635456,166157.92634125528
104,36.8959021057243,10.093441951339827,8,23.65798804319318,5.890767649143227,43393.03724736291
293,36.73506605397787,10.234148712263828,9,26.816498323736916,7.417472615594714,204954.29760557212
369,36.70343222036635,10.083276151788827,3,28.682373251865883,9.852919041272992,172780.49033887585
180,36.85267288460078,10.066029164224329,3,23.713649894531205,14.267859578275813,106913.53483600647
356,36.861382595410156,10.063804235302369,3,9.804503424566375,9.089635784915666,314969.5195874946
184,36.769260864217884,10.154552104722043,6,20.799973829552993,11.205189959413085,53561.96005062733
70,36.792934762587926,10.292662394704827,1,13.409292159634061,7.692737680529001,34826.11329567789
378,36.829954736528556,10.137696696405104,7,8.01278335035851,9.584739664369703,373574.9293650186
216,36.70961178483941,10.167191610667015,1,25.305711593064718,1.2497967987798468,77099.4042831636
323,36.88982914631828,10.258189605367221,5,1.6335772943885873,3.9649953964593356,252643.78301533835
437,36.87733607745961,10.160520915680099,8,27.101978767994993,5.555425779436053,312836.35686316993
138,36.75217872466835,10.055338861425657,4,14.113585206429658,7.192901654096401,169319.51360984633
365,36.70306090805808,10.089878773529943,5,19.297443565844272,0.8756014334352793,317056.23930352426
63,36.8866872616159,10.092981077880584,4,19.95094070507059,2.272356643789102,56336.991819325616
291,36.80020797678305,10.11919543463728,4,26.905973350842824,4.296851755311326,105054.47319955812
314,36.807875489680015,10.128036671601025,8,19.281755623932614,14.578683825335549,312413.3424352574
395,36.83679275387963,10.239934606622281,2,18.61104075042182,5.103935705125152,170258.901596527
102,36.823170232877985,10.1048160997148,1,2.466235196540354,7.334207660058822,236720.10417956172
435,36.88877832091215,10.140469548532414,3,15.79303664738352,3.102246148528216,504028.3089185209
389,36.88885031942503,10.187492796115317,9,4.929985524102729,9.23954505192137,616405.4048624249
141,36.873439786711,10.11331778423205,4,22.254296177283823,4.35411158963642,129331.85189004857
416,36.8272807194892,10.250969443987701,5,15.610546663973897,3.2634901608887166,333473.0872657189
493,36.86018985893648,10.176236081270222,2,20.566719486646424,7.845274901000491,221122.52455748979
477,36.8354336684766,10.088213403766291,4,1.7293505677703358,0.2814858275742282,716308.611941518
313,36.814673408334386,10.214217759936949,2,3.001364473351195,0.31342768320853487,506966.83525243687
480,36.72570007064679,10.158294319043437,2,21.631539947849127,3.4422183747074953,145795.66162787678
84,36.8622408353472,10.160336767377174,4,2.626487911960864,0.7434761650121529,144306.98114292213
255,36.86412789514879,10.144326384516276,6,2.602073469075129,1.7987811611342324,598663.9962661763
130,36.82518793402031,10.149103584646374,7,0.8572000194291798,5.215137610213524,145867.0629211384
469,36.86408536875425,10.229606884319873,3,28.716791249834664,12.07826805778123,308134.94674392685
99,36.830296954371555,10.030894443799395,3,22.256496604040706,8.666319921865652,85855.68379751116
409,36.74133687197535,10.100308843393146,6,10.920916550810892,7.787482344154963,562280.6679442731
437,36.75479222546423,10.022651009141168,3,9.247799647985829,4.543634583480201,661205.1212869805
51,36.742917823941674,10.225973866224235,2,10.816245277502562,13.989955047605683,47706.86074297816
439,36.7754518166456,10.08169055641609,8,23.352279169844866,6.075822610310437,388304.49065955635
103,36.70779262646205,10.269229122945665,5,20.010433026577225,1.4889729485774181,84639.39614323986
155,36.82365077686758,10.157973539997789,1,5.963269252090305,9.332584438543458,112213.83096908417
309,36.76731084297775,10.240224931445837,3,5.636225392355488,1.884808223453701,365431.3480645274
359,36.83114452707615,10.293679430684788,8,3.4026716665452206,5.309302513465044,637587.7762057282
240,36.77707932419312,10.251936657836971,4,19.978930231189477,7.709696693023572,107607.47106874878
451,36.83632273379456,10.260098128003458,7,23.04899353554121,13.138493365340603,301497.3463702149
267,36.76812491389285,10.122395348609453,2,8.318869635587617,7.504489389033757,330348.5059014517
93,36.75213890564718,10.165516778577802,7,1.117876350411928,10.59342973726863,96860.55518978913
211,36.799207490858684,10.076166569212992,5,2.9240641905546068,14.89368921718624,333573.55370893533
251,36.83857807173839,10.058833929908037,5,29.0518710279284,2.146038974490128,160528.1293165333
495,36.76966732089064,10.151652363731811,6,9.215620935583898,4.266026577688889,488819.6857277871
319,36.88732963037114,10.178514693910127,9,23.192082861224943,6.039725918845167,79444.83883580564
400,36.70783726533513,10.101781373768857,6,18.92757528120078,6.443057042374705,113370.66781497761
353,36.783589206343116,10.17083305532905,8,11.76721936976043,6.283111913930078,257115.51807329958
320,36.89351611030405,10.266238144754052,7,6.5677742347688755,13.632642837837013,548076.4110548866
264,36.80959437664962,10.16701647543501,9,4.080899335702489,10.767683138109476,244313.5664790357
301,36.78469418846162,10.216243928893153,4,18.642882557146564,9.196997168542415,230729.4433276022
239,36.81370405674999,10.241594490207373,2,23.351696528814745,4.778716224369175,92339.37846144481
345,36.81518491505162,10.296618634586633,7,19.495175479463356,12.39209768647516,176350.03477560633
262,36.84632955105993,10.180959220653094,6,16.14391293085017,14.334895569977837,267141.1361771177
257,36.7255379458845,10.242055044688776,1,1.7375610912332697,12.353734581743353,526257.7588804065
286,36.75000328984322,10.288794795566464,9,29.070418939034322,0.223163556833799,73924.27138704513
387,36.81610880246878,10.283322917673182,9,24.06206865380995,9.618740278714425,198049.30449883107
416,36.87342332144194,10.042324554633314,2,9.138250082678459,0.9568036453430908,187841.7128708736
102,36.812373338428756,10.121917692482057,3,29.409124716086094,4.012586860939083,48088.29180120307
329,36.74771937195807,10.09719701833204,5,18.2555068942715,1.080965565147021,262840.7058660134
459,36.83596895598005,10.026077504485105,5,17.68146841711377,9.136172703650939,175880.8246633387
266,36.847981752089474,10.189972232473288,1,22.568158793171197,10.361530719690581,117248.09765104382
301,36.747647230480794,10.220771383958802,8,24.447208748659058,1.8944170433753957,146382.6625508975
237,36.77554577723526,10.254438428640066,8,19.86611891627933,5.880815469065697,224014.20088466335
429,36.806865494706116,10.036833066898813,4,4.278824517802901,6.9523003325420225,896876.4074097929
90,36.799312238136615,10.26293322276259,7,10.478891426837702,5.6619847220615656,39500.39849086848
206,36.77792361724384,10.192877669084277,3,27.878467389618468,1.9911700071808571,134558.979296983
64,36.759527034901865,10.211183840541553,6,7.1261605493936315,6.400427294774636,60456.48600036966
350,36.71999697743237,10.273187201062091,9,11.478927203206643,11.317435107564588,271053.01763385214
114,36.71069705934948,10.187428381312976,1,13.246268046853782,1.250913435092181,120608.45842022343
394,36.89170829937664,10.100759757144951,5,13.46244719598634,1.386664208412171,473647.1102527387
376,36.869428628819115,10.247532199426798,4,18.581717683588504,5.450615119172567,380455.8373330001
58,36.77098103809254,10.108917763658527,8,28.320737213468874,14.13754053196009,31325.295572940617
393,36.89136017702529,10.010268433246159,1,7.600434999058896,10.094875171499128,354063.3821633021
178,36.83535398088486,10.249196351969575,9,4.0842906008770825,10.244315358753958,320075.91635053646
185,36.79650418992853,10.103557643464383,6,6.325379450868151,5.556415864400402,153232.3115310213
112,36.79860513155436,10.232150356960403,4,26.66428455617345,8.986179709886368,62346.18879699091
188,36.71665688223906,10.108827368399783,9,19.551418973328577,0.34994152361060205,101080.78124989002
130,36.7183408294517,10.258320405992418,5,8.934250282555224,9.614221486861224,154110.3992637589
441,36.820488185180224,10.065853157524288,5,24.57043469957421,13.716646824128304,169519.13691050533
212,36.81074061046916,10.292364179559662,5,25.910414892721363,9.266087331503323,72112.4917838838
468,36.74254557900485,10.23392763243641,1,25.472172991363202,13.130739183301907,372071.64161112456
338,36.88923890857634,10.034271377776118,1,27.608332742366855,10.914801220898187,92027.80166092893
428,36.85625921009424,10.169732985989969,8,7.941110095114166,1.9842645627746158,456387.5711047529
310,36.72269292040349,10.295610193672522,8,22.77373689801521,13.556308947830457,121628.36335117854
280,36.88618582113746,10.141319635808145,6,14.08591516958713,1.1833688964654683,102956.7926576991
90,36.894849641706884,10.054632141646476,4,25.338957310256816,8.102718593706904,22392.207366779086
77,36.89918624840607,10.145433510145104,2,21.99047497626759,2.3036294321431736,28534.29599355618
184,36.71117423093547,10.153737296764577,2,23.405199671741876,0.37325783881738017,149099.1355831814
250,36.8474071113582,10.2225060832686,9,19.85677421159161,6.446107049889058,119022.67360463818
377,36.809183154033,10.209653755948272,5,5.734148699356353,4.566602473281513,692704.0394118914
317,36.84116629677574,10.120765013079094,4,16.57829410745968,7.392807308204525,248030.7368356047
467,36.89373038879483,10.065406932248226,1,29.54775731597299,8.742558323671352,207894.82751183977
82,36.83760600203501,10.193516250330799,7,28.152947961665006,0.847338270172421,44622.508841369214
97,36.867392774847474,10.126511180365984,3,1.7736252060118443,2.020448767831436,159562.9486416459
456,36.87337374106217,10.0396828633376,6,5.362037064018395,8.467907467466295,732978.5321288692
111,36.8676961527528,10.270171690370915,5,4.385998816909576,5.278876826955342,109679.93346774533
265,36.785218295009386,10.207366557282898,5,21.916407344566217,10.99176761573183,130913.3492977905
342,36.74451528351421,10.204955156933645,5,24.62466723077988,9.853916399160706,273307.0463662917
148,36.779330320390855,10.246775162773503,1,6.798585306164822,12.714944572250621,253929.85951336558
221,36.87837938175535,10.158898503596525,1,15.422654442078956,10.448893834704535,240243.13102136413
409,36.729320964338406,10.244516328520739,3,25.3007393263304,6.562979945374193,199604.6877231332
263,36.80266523373848,10.149427226053302,4,22.11764557060439,10.159906011437599,206092.15534951983
84,36.746645614484905,10.020152619974713,5,16.495997562009524,4.275641378980194,58585.01577483926
498,36.816261083445355,10.121574426408307,2,17.9152568685338,4.733439781917548,337988.88774503523
276,36.8726277043978,10.149239468193967,8,15.49663613403026,11.876980366827741,135344.03534864885
150,36.876071993727685,10.216060774489689,2,9.277679313905207,6.807008842743417,163439.27863145058
480,36.74733703873642,10.031973619038602,9,17.168148789340975,12.016029039671617,213691.22811021612
180,36.88153874126971,10.042005561598135,2,20.822116410477676,12.371851130290521,89318.8570065303
306,36.81837774776426,10.079105140790386,9,26.263026017893825,12.891922597387,226237.6921676957
54,36.77004364934007,10.079949518011265,7,19.270594942387817,13.766201490449868,23163.385051687168
267,36.84163623911664,10.21965537353772,8,22.95308534277316,6.578581263596785,77503.63101186368
304,36.796333397592825,10.07521919816848,2,5.222113231159903,4.919228911152855,190086.7990832856
447,36.775597518024455,10.189929419007235,7,14.115945495383802,8.816541449592885,531916.7343898251
408,36.841016872859335,10.148282155041482,6,0.7752827848992523,5.693351866876888,725189.120984957
332,36.74974483088606,10.17198831345382,4,7.777026503387879,9.095897668643447,317620.3720839052
442,36.76605050580382,10.25143208895349,7,21.93062059583364,10.642670767128605,357681.21973837324
256,36.78689036889766,10.121314450464707,4,29.758393564806223,10.388394273683625,169910.5778753551
64,36.75073643477463,10.23127341311928,2,3.4257539378228694,5.743382727897797,72973.5536018355
395,36.78104041735629,10.126610817865206,7,12.344082317908004,2.669530985141542,411184.52701383876
91,36.814294605041006,10.106161412968374,8,24.102093576625204,6.571834209240672,66617.25539609221
429,36.84819477218213,10.287588153193967,2,6.519051221552516,2.3103933324122496,581788.4486066534
228,36.85343897062172,10.055311276203689,5,16.875006004417443,13.373436120720363,96163.73275498062
112,36.86455807037534,10.027101088173282,1,22.125603232875406,5.31898641892029,95069.83870922518
401,36.84884233138866,10.231295777660645,7,18.671570782675282,2.4860042589051923,277762.67315808276
280,36.836207885419384,10.020474911606227,8,6.046729671154776,0.576626846605113,248027.493950598
290,36.7475012942585,10.25112369721091,6,10.983844776229313,9.758171317039967,239849.07802948795
101,36.780044578574405,10.131158018907174,5,23.621857642319217,9.6261542983302,26514.982376948705
145,36.795542978176044,10.274654103187576,6,16.84968216689449,5.240941665403117,58395.29444533678
437,36.71657826433867,10.216459858336572,2,0.6542735995159257,1.261335954945235,1018930.7002546586
271,36.805674024259446,10.183121400102388,1,22.94922742082877,6.2625076444494345,65800.30963156828
456,36.787267166321314,10.284792039117331,7,1.5416849707370526,4.806018926938226,678149.5432581126
280,36.86042184980535,10.118994811915616,7,22.49914659057135,10.221385468078138,167963.26328983947
286,36.895580133750855,10.28622608096189,2,6.4731765248745035,9.165532891899817,159760.3089284061
192,36.81120100772852,10.040500383226362,2,28.763167663521717,5.595987177323592,145661.01019934443
220,36.76453727765552,10.145126482579725,1,11.354252163411491,3.424809802973854,133671.110624948
78,36.70868015665964,10.080973366717659,8,10.144482681973333,14.82293229910276,56889.27439776758
85,36.884928666044715,10.161952833672458,8,4.892197484807118,6.9192239937025,83827.28601272438
62,36.88382314305573,10.048604163367475,1,9.515324356961338,10.386458689547508,41520.6179670299
209,36.75059803359785,10.252458898093014,8,26.361197473931917,2.2801839201597396,46169.453994368836
376,36.83908222462133,10.253922354794367,9,29.891862960003795,7.386727554959088,226641.2111602984
236,36.715086909417955,10.286570893817045,4,11.365131149952026,0.6075434540680893,323324.10161560844
292,36.733243086381854,10.046401642264971,1,13.734013613159005,7.68073574507466,159132.85456822606
135,36.7433618213173,10.186999765271498,1,21.801092676980744,14.467457625341995,95885.07510194354
333,36.75889878936789,10.142271192610112,3,26.6427755237197,5.886259352189843,221029.44920361709
115,36.899166275005875,10.10331511961327,5,17.994807858510132,0.7771409861086915,109538.74820636922
219,36.839385011172766,10.105462048340266,5,12.050008096245966,0.6581457056062843,171801.63629311853
94,36.77684036627585,10.123838065182026,9,12.6723443050344,5.942204047213669,60799.231624156295
111,36.847420141168605,10.211477664906687,2,21.020735321655803,2.568369059655272,54233.74719650074
490,36.88305086833382,10.179485817480447,2,0.594938776326221,0.5456110256571516,1095056.631825575
183,36.89174048148157,10.13790445382834,6,18.7778854550653,11.391961486462616,165139.10097988843
333,36.711572779551545,10.022780023110887,9,10.987043808020044,6.986140531451983,190331.9002106624
77,36.77890435972163,10.023329603223686,1,23.928821272673986,4.480822625195287,36676.01823884945
157,36.72135121318718,10.000701817187734,9,3.243223874782399,13.521231108643914,330078.3465493888
93,36.767132012959394,10.290309816462127,9,17.85196687497752,1.9188566109677792,85972.20268298803
389,36.733935980779115,10.001576145567515,9,14.68870025164065,14.347598668538724,467437.25239543006
335,36.82936967233375,10.030928123804124,5,19.44860301420421,4.846707417184822,279769.11739694537
495,36.777653676797975,10.094378967042823,9,2.413181037247566,13.348374350168482,663963.2270296436
380,36.745878949140995,10.24222907554503,4,17.609521729129874,9.123554571896031,288948.587029602
177,36.75318758499285,10.288629635729237,2,17.06379534480595,12.435268924174014,147429.04515810343
397,36.772069019041055,10.237004067637557,6,17.03947278527704,14.763394815514872,142799.8663426676
280,36.751989972570854,10.207168069733692,4,18.302886164595417,4.468400479717437,197651.26551219253
239,36.79064816936577,10.156390200224072,6,20.455804148177684,14.424805184032376,185239.20395142635
274,36.70646319022193,10.026011563558654,3,24.24717549058271,5.964332044555822,93456.25660132167
434,36.75595270143379,10.28745123790118,6,8.459711243782323,5.9055761901064505,591854.9588179057
426,36.78224134417444,10.227517724183706,2,24.83895760031183,5.237729142966685,254861.7728705747
332,36.82055637640466,10.19168481560028,2,15.198542626771882,8.212832588744261,381412.0548592407
495,36.75419152850303,10.227710753661656,9,2.7732192344627693,2.4813466390416092,346191.41395008203
170,36.72663702504475,10.217230998781941,7,2.2272524126973865,8.394929983298566,192383.34787418644
165,36.71524007591984,10.191169473936846,3,10.360030401533793,8.217231223668058,172084.2509937716
282,36.88810636542708,10.294173040053996,1,23.65446082478829,11.476146826552077,121703.26295374127
308,36.7833278115477,10.271009143790808,8,21.376587574857016,12.538019436676267,232814.93305538423
408,36.81623252423616,10.193999475735149,6,23.76414145783599,6.718531984623876,298447.73125656415
247,36.88383531036711,10.207952563437077,7,15.759437165027476,4.674532090402108,98335.67917300107
460,36.71654968400706,10.015478741997613,9,13.485870439686972,4.038156480292998,378108.49721654376
186,36.87533229718516,10.200975239365013,5,4.849849537835376,3.080432783232105,240432.07605449218
367,36.810317574508815,10.01324963131303,1,10.181686231474691,1.0531842165455683,293214.9906032841
214,36.7329668522274,10.17647912709098,7,13.30357130212932,5.268230086753758,261943.12338814163
274,36.78225102331707,10.299806049869751,5,3.113712675548708,4.199665843535592,547534.3462102612
356,36.855520456747044,10.166741974431154,3,7.008052604980732,14.502977310822828,488506.4782009879
283,36.796074016373275,10.1419630354244,9,18.147646174880293,8.45409062850065,238435.48381944362
221,36.8970572101331,10.093856456951677,1,22.2020618700561,5.339700177651512,124615.12270277475
201,36.77534779398759,10.03615677363594,1,29.951251586092013,8.7909204947067,142189.23179534692
364,36.84991565999521,10.219307101437485,1,28.026843274634953,2.2601111799162936,222851.00344095443
423,36.778597889795776,10.057779708335689,3,19.45567338628815,6.771847488192604,345193.18660364643
209,36.8658328441413,10.034584606374185,6,12.926817572175125,9.468267957031744,245740.81238609934
145,36.81381629383315,10.126528797919153,3,19.267232258892864,7.435687910528281,69507.37097401719
282,36.712702365918005,10.23860255138773,8,23.676722733366844,6.146326249683999,215670.27008815168
229,36.7073643735272,10.223519364436067,2,3.990917632239926,14.908956155715533,201246.42512415606
162,36.72677042376013,10.016464784393943,9,12.592194246040503,13.22865847980412,111843.88246146678
367,36.702734392965404,10.136543105510848,3,25.274167426250706,9.426408180759713,160052.50356591603
491,36.7150718120705,10.15673037282135,5,11.823072082024797,8.626784945497784,664344.2341686265
101,36.83834287943378,10.193363995187747,8,17.370232001202,9.385775101403844,99057.46180919571
317,36.80686925500589,10.195050205132969,2,17.839196145434848,3.1794191957720126,266744.7212173977
344,36.849982149894,10.109409174837191,6,5.942049467442361,6.048038600311916,517773.17519699986
435,36.882633150451525,10.168203158201054,5,11.185945528742508,0.78400108678531,418156.30227188795
436,36.817029906465095,10.144318565153226,9,10.368083017886999,7.238081354805035,617264.4557597248
162,36.84522416881437,10.265499506956985,5,1.2728029016959115,8.236763842573415,271863.72564108967
150,36.85141624040849,10.15907953979047,2,1.2136570347949798,3.570696094327502,218992.64753245146
162,36.77557010985516,10.13230964852445,5,25.03506278843532,14.467626938049603,53576.554212535506
489,36.748216966465925,10.121345634904555,4,8.555588894197966,13.659928241871182,666645.5307647154
130,36.741009065701306,10.17172832783004,7,15.783323604045055,10.887719884747407,121803.91069689277
236,36.75028848790236,10.24119309382027,6,9.312404420868805,8.094122105727367,201092.06887883713
162,36.75494635940518,10.161520447114237,2,28.250037730902545,13.075543562785738,36229.75059789554
51,36.74144552980162,10.198496552524164,5,8.149254386540326,2.133654688587251,74347.68244255277
179,36.87564413349584,10.221356730071959,7,13.174875975798585,11.899544955268297,63731.25881599232
269,36.851399826434445,10.15605043296362,7,26.245542389295753,2.047348046709355,174269.57577299626
103,36.70937929355825,10.128045116996459,5,25.337040220358354,11.9543178057312,85536.38312067419
392,36.753734496405066,10.262999613358735,9,5.989991826465181,4.281360010120084,432169.78275827854
273,36.70443694840606,10.125251825208368,4,24.177977638973456,13.180940599069196,105192.01306709254
274,36.79963303732918,10.138582855172677,3,14.016513158767832,14.171822988615888,268188.90843819553
434,36.7952421393578,10.297102394002534,4,14.747581726517978,2.4021803471957117,455557.2186628785
452,36.8662742980125,10.000071257072765,5,4.437659186270341,7.047598954967825,626812.3486170135
175,36.76155544795421,10.055641872873016,6,2.877744655835177,14.71861319680774,397824.7703036094
179,36.86327714704261,10.115189166975918,3,21.974209555726073,7.35443005240257,51149.70623554207
102,36.89359475308796,10.279776972827577,2,15.145603994481343,12.980503333215268,77499.08584510644
221,36.717681644673135,10.021008911724241,4,13.387095727147797,8.913226527543534,224958.3767588172
267,36.858363567893925,10.002845630088549,5,22.020492745245704,5.754882637210108,224954.3810845877
209,36.81799117942753,10.015805150793168,4,23.08263052023774,4.4295966217828795,75454.0151220744
247,36.7960091934037,10.026563023184085,3,5.18779094624593,3.207701748074092,416335.6568630409
465,36.78410715573302,10.011279031961879,8,18.50164190959042,11.474613232389919,328900.11790676625
296,36.85693365278886,10.143934398056953,4,4.492945427191723,5.920799500980813,341570.1523191248
373,36.827872271394845,10.174227162168199,2,22.665565037856847,7.7668768405711175,124438.48804725078
488,36.861008933503875,10.081506091320701,2,19.880177109880616,7.486417104017493,441557.4653097763
252,36.88063021173532,10.11948621519269,1,28.72013132196201,8.743729632650343,74584.52664157975
233,36.823452742419455,10.02750980053343,4,2.5342614825144247,13.010541755243374,275402.94824082154
172,36.896092545018476,10.100911139148527,9,2.183114273962002,14.714942285034756,203029.55691980536
450,36.821617569908376,10.156755757490357,7,8.824518703449405,6.232246286892491,649525.182083353
304,36.82732886432446,10.219681542155394,7,8.220317670209226,12.447280047173285,380401.5797486104
343,36.81096312170845,10.001003908612894,7,7.785874572623995,11.51501136088982,492287.16796884144
329,36.718200418210266,10.140193229961296,8,27.234510125370583,8.688228481542485,119375.4567065321
374,36.84527940653005,10.089100862936466,1,7.86161289556043,14.34949772545661,455360.00243225455
421,36.809489261379824,10.255846546507572,8,8.522516920794615,3.1670228298203615,467728.6209495193
147,36.790182089483224,10.214665994570273,4,22.90224874132993,1.8171103125823969,117602.09671239833
247,36.882094255680656,10.17673256034127,4,13.76732535229093,12.838637110940248,290300.94822975574
444,36.75959189030839,10.083179693709033,4,23.412961430177845,6.699417286179475,109859.98207497336
289,36.804720455203004,10.273101730617261,6,2.4283016481493647,12.735139042264494,530838.3101852209
193,36.839528374298695,10.013530203166097,7,14.883350213364837,13.417735036892141,70894.58565410033
146,36.85929435513477,10.032840279603734,6,1.4916012054068377,1.1243723855622574,255050.0996196642
250,36.791869361589235,10.117489042162108,1,2.3482695019329585,13.275278492193697,290079.51350426214
173,36.86841828300374,10.037331267189057,8,27.239904873660123,6.835122019467449,68517.67603697657
236,36.85378354826308,10.286924709267828,7,4.607738447969057,7.754400837262637,254697.91666771745
375,36.713247195570375,10.239396796643016,6,16.206410127118904,9.473569164179512,310063.93722926173
398,36.709172253280926,10.077694795480545,6,12.627320276720843,13.910462579605284,269980.776542977
308,36.82416113688442,10.176566268691975,5,10.746628124635858,0.4829181975605077,358071.139183256
197,36.76948268164509,10.294699154524025,6,27.045083697774537,7.257283331103694,89869.46058046435
301,36.7418261582157,10.265259693439452,9,1.1437902048769404,10.378286227972298,256702.14889729573
492,36.815929986894346,10.18023953393266,9,20.081795742179878,10.89606297393378,412854.89209122607
469,36.76831264209131,10.271117190152582,8,28.920135809299737,10.449479986749198,172159.07020413087
452,36.80745268334282,10.296755472944009,9,17.024961412124338,2.1896399152402037,293041.4489762096
395,36.79202383179671,10.223005846868087,8,28.13626262997621,4.631054707900883,239050.88533852514
196,36.816953221189834,10.019495922844868,8,2.0416074389377012,5.508989776171799,249264.97270783316
197,36.780060097782055,10.120474070927646,1,12.85440291268776,12.105670673656673,79688.90023938415
401,36.83953351473939,10.251347720584974,5,8.174654833380508,4.325646111735385,358011.2819967531
248,36.73601345446986,10.069170758741507,4,22.05921846693153,3.318433465234607,222616.51432774967
357,36.839300293245415,10.249192755325188,2,29.448264169668775,14.370230681763823,200165.5110202325
466,36.782332242871504,10.0361016286105,8,8.06763684210531,0.33117661967933976,587348.7675712911
473,36.874863520970884,10.014083607144343,3,19.7981507434852,14.967748664093277,347790.9813923292
177,36.80304721097284,10.115227183447375,4,6.343880166412334,10.216955223089455,134048.66939800675
88,36.89462206985402,10.011019581227984,7,17.17724250986249,12.461345631846932,55704.487324371825
387,36.820387079108194,10.287181078894998,9,14.186008357305917,4.560367065923659,392355.00555009017
409,36.744769813181264,10.24786170873819,2,29.174157224130344,0.4118661094724877,106809.01973829798
178,36.86435812736889,10.240230906138963,3,18.451554544545765,11.120468874710644,88292.94256080934
316,36.76901652556448,10.188933376898847,4,10.810437976561154,12.545340035610002,213785.52662204902
490,36.76952384289654,10.064897206910967,1,3.8658256541940346,11.159046752912083,618583.0006361299
483,36.70636093629704,10.155478110002917,7,4.961781447680569,2.3141842520524114,954525.2543082437
200,36.80974306184148,10.179182221729103,2,7.146849433561435,11.350733249403142,110633.22231638698
464,36.80688470074651,10.15750945025808,5,7.9035165095387905,11.580057175193087,503079.92543466756
347,36.7711982968544,10.078070010385458,1,25.593173706313564,9.946399631916812,116462.49971089039
148,36.87884345257918,10.154574377294418,3,17.056072254334484,11.538515805374676,160574.77933287664
312,36.725749679659934,10.147355902260589,2,15.94003188554381,12.719637307230435,126203.2086504
301,36.76601990266203,10.298900732742018,1,3.8856817201419154,9.281340890714384,365890.9904487233
193,36.76431655293601,10.269230844413862,7,25.87412095380833,1.51134976675125,130374.19513721156
395,36.71845811724575,10.139014224464686,5,21.82302194465027,7.4168915830747215,291693.79311944894
161,36.79622907881126,10.186881214880536,1,2.4962166760500466,1.349210153139755,222891.8483157032
109,36.837556943419216,10.22436148122767,6,21.381135368278176,6.231636859279977,54267.15556225769
418,36.802331402709456,10.010459548070148,5,16.53437741160806,6.225176039059289,263825.4263357879
51,36.73139553654324,10.268476432368352,3,2.9108976995299587,1.1769456932755755,54567.69805322231
434,36.77545719304842,10.258038044925378,7,14.019868925095366,5.362543902748294,226167.71622332887
353,36.70051900487673,10.137229629332113,9,14.798540470336386,1.8427718621114597,265148.11624125985
303,36.873660221407114,10.117350929824115,9,5.390348934816634,12.161881108136487,273810.9470938307
189,36.716903401536136,10.081887812456895,9,28.398095336508327,14.225782784274168,70505.20550348077
86,36.81945561645109,10.14300304849911,2,25.574273458679528,1.2702838338174913,54269.06256669684
209,36.89725139917336,10.013312999059972,3,20.236158951208694,14.33570506791718,202583.09466623713
58,36.80731812919747,10.255658060004103,7,14.137719049517912,7.9341336701838285,51133.293306701795
282,36.88480835182148,10.010626710525564,5,12.647083476743001,4.633572033717334,120703.4281689406
148,36.74722330662348,10.098715409610962,2,19.703717280953146,1.33755871408722,48145.497520805664
196,36.85199108178752,10.279476846495697,3,16.59024014750371,7.609239167442184,213256.32626219172
353,36.80625315079471,10.220563796357036,6,2.3370566235156254,11.95883005846308,416044.15333096666
257,36.84410321227829,10.084417288173258,7,15.618828138724785,10.664879863547133,100572.388610378
180,36.71246827250225,10.075794728188265,9,24.288906708368764,0.9433449696668117,111179.29765270346
453,36.72954781838125,10.001524641945407,1,14.047576389110263,1.278947163444972,409159.0589102537
201,36.726623385717495,10.208714287854926,7,2.032719037850918,6.162524582963029,371959.84552500705
103,36.83743310108066,10.014635074501951,8,23.695206881828977,4.570299311909561,42437.28195942068
169,36.86888813452673,10.159780755820229,3,6.4402315730112445,3.6392879812295083,85654.60393034422
210,36.849923246401715,10.288636591777616,4,8.129314629197143,4.358866583848962,338588.14480464987
457,36.70609443054672,10.032840658016337,6,5.3588374262527285,12.091544600793892,402275.1533796122
165,36.87344299621494,10.268343979290421,7,10.241344413709177,13.952575193751438,186448.85183983567
124,36.77082933415863,10.297442600543516,4,22.824169417814733,6.195519879007984,88949.28148416491
162,36.77943276650082,10.018455107871771,8,15.821882855366152,13.610442831560956,134384.71756331116
469,36.7209738333065,10.26487188074124,5,6.543997587446021,4.958136378468653,421940.2509338766
471,36.847481041218764,10.154823706133085,1,26.395987305485203,7.251267397888117,180709.46465331968
153,36.736456775695196,10.271954115833374,4,26.44766472107011,3.5452291676767964,88778.01813477329
389,36.81279301840377,10.171395682575872,3,26.182063538857204,9.67904542420249,290863.6325052801
303,36.868141997175584,10.19863360303197,9,7.544488235755408,14.688920504587172,497873.0025992837
276,36.71784086574242,10.163133672399221,8,13.811560653339148,9.131697821442003,119734.2789011944
161,36.807067112803104,10.259347864092206,1,29.557194856155814,5.495648444880524,46423.99322042287
148,36.74664328230996,10.220172975686111,6,23.274368051144716,9.78769820065982,128028.31452876086
202,36.768585372855654,10.156378093654125,9,1.3014389261540147,2.019226041287736,432614.1641490643
398,36.79479398828611,10.260448241215464,7,2.4235354421845154,13.3521543879279,878614.1417639927
451,36.77102086065586,10.073585659676601,4,14.185975615963816,7.645642471541579,232304.914430758
433,36.829764568058316,10.047202197910758,1,27.321996072916026,6.850376182186703,242788.27398419435
415,36.79591642035085,10.048120031599021,2,16.39170303960507,8.870798869112084,368350.7836702685
387,36.81683989694283,10.100202663623572,5,15.185468987011562,9.446801169283155,352841.25927050965
243,36.847364495078985,10.071607009390306,5,3.6114741487206024,1.2622819321523928,303125.0615688225
359,36.811548453190085,10.279027105152922,8,19.875013089366675,10.302734874106354,100203.7671288403
212,36.81730708693215,10.031750228148574,6,24.75204323770665,3.780588868669838,127036.1888864415
257,36.81289170850453,10.209697221411878,8,11.72239022147309,10.766498961097529,160527.27471374173
494,36.77575452519026,10.056766461935501,2,23.38054960229716,12.373514956886112,264985.5455487233
218,36.767489366774385,10.264491139831106,3,28.952061290073942,12.0985859117773,162675.8209573037
210,36.879929479429,10.288394586455473,6,6.5111105442668284,8.377014317636759,213404.3714419641
117,36.82151104445872,10.139641002630995,3,15.938224120244868,7.8985144061991175,119424.11019328453
338,36.748870631092935,10.263721444068441,6,8.970569763494979,2.314564227823294,216439.8853350506
447,36.79964953956979,10.001543551226414,6,23.88920536149826,11.675123025966407,300655.51637731504
326,36.76606969625618,10.245984075222431,2,17.539004293494145,4.216858830611373,349144.57235868863
353,36.88673836475198,10.068587548457478,7,19.22018131773396,7.551092257705609,123726.19396393244
453,36.701506872626815,10.27261039278081,2,24.038467708668875,4.4072565753272475,108903.74314035654
433,36.74506655954251,10.000336033444032,6,12.181128943542419,2.1806597723954586,342377.0585324158
441,36.77307136393481,10.166854520511928,1,27.495157018007774,9.5174539139977,118059.31188495568
184,36.79756196016175,10.22699074113548,3,16.224351583761127,1.0041141153789768,171651.90274053597
244,36.87016350356723,10.077606499209372,2,5.159667273642766,11.279949465067759,452602.09895690816
450,36.71757752490803,10.057939859376187,7,21.029023985979673,4.900284569864527,254497.45481471956
177,36.861172977348225,10.025229467340395,4,23.901209837928505,0.20199345646638275,71484.85691628543
82,36.7111306978714,10.097930072950987,8,9.844469473492037,7.764711260711001,72547.34571821164
225,36.868462807059636,10.16795329369265,6,25.78678808146321,0.8934082462085262,150364.61741434634
492,36.710327095574904,10.034753157034077,4,27.23122601559011,4.2873094557493125,108349.97062027309
420,36.70364849628567,10.11300860859604,5,8.668682377645363,10.663252014344598,471728.78539001377
424,36.839392292473285,10.002721721395817,9,29.51388344509905,1.1278064000036148,230622.35452738672
71,36.89945110695368,10.245603826149953,7,4.650990077438373,12.622209686868834,106755.17718492089
287,36.8793220525948,10.038534615427958,9,6.459462217873454,0.25653485534703,232336.1093077883
207,36.81519968356113,10.085002884479675,7,5.93463275752177,3.8529932641881537,307995.5576602365
87,36.8834791226171,10.005528315621465,1,26.872696445232176,11.165380031050658,23619.734622137592
279,36.70106000127952,10.129672235167755,8,19.801630293586374,4.880798215993741,115937.3259514867
414,36.895013432589025,10.252036450822366,4,4.98707635505705,1.7080073433770002,754249.6559787489
100,36.79814975585176,10.11764536343356,3,13.489540841866296,5.531461998246333,103245.56567218786
487,36.84457921932435,10.05384919702715,7,18.65129173955916,4.201820638490978,141119.9851801085
313,36.86417229463067,10.226109650215156,3,2.962190507186807,12.672136151976213,325123.9770446084
332,36.84369145416731,10.236642094561224,8,26.531282868016493,4.837549180260119,115572.86304551049
76,36.80700734640898,10.05212604259227,6,24.20630429552529,11.876200582284907,31011.481723168374
275,36.79532389682528,10.231256232562297,5,15.403599820510827,13.399707743198874,145559.55204457935
326,36.867716511740525,10.284189366476902,4,29.03023515014553,6.620497809732638,78309.51008390974
335,36.7410155120299,10.049913276079682,8,12.82394888861544,13.667158529045002,265615.3690539712
146,36.89359881330085,10.231295287759641,8,29.531254411576686,5.784307198655255,89082.42284317399
333,36.84219049576735,10.21257160138079,1,20.203639964706998,14.4683605640536,235366.22154106986
416,36.73990138546767,10.142072166530527,9,19.222802560991273,1.5214849629784792,324613.68108726136
497,36.847249436739695,10.01737613816764,5,5.395669411225658,10.367885144247992,315886.56447567034
366,36.80596800463623,10.022408325327357,4,26.516868869986997,7.508447798762544,289986.6151187694
353,36.84144601912889,10.255724397759595,6,13.110945793658146,5.937202320743577,403952.64066547813
196,36.85355590028857,10.297044511825195,6,5.285885470583141,9.564135805479292,329686.45899196604
53,36.717458035917936,10.202815677156027,2,0.8719218392848918,10.617084956188101,127263.52682919105
84,36.801220791271874,10.133787492103096,8,17.012792667332285,0.2645763908245745,88685.7219293177
241,36.886402868451384,10.194272093020572,7,16.05828885261895,2.6709057134585414,184725.6569899845
98,36.764128438431904,10.178318757768563,1,21.72093185989018,10.753081549387916,38328.25706044093
66,36.81877661951158,10.115083678121687,5,26.76261256402516,10.062504120957456,38723.30335942865
221,36.77384609630198,10.019687843372203,6,2.842494246969371,14.497503075904422,418913.15804817976
269,36.790853594443824,10.246453884222232,4,22.07914646504069,11.463359295711589,203215.97836069023
207,36.80972062358763,10.111550058771618,2,6.028652350878676,14.271436074423804,251467.1082647203
95,36.80978439597779,10.245635693007129,4,25.81622306813634,10.597599422715144,25214.236623699053
422,36.74034609246605,10.075752624906515,1,24.662373658918856,4.611172687863759,196795.88557635067
55,36.83691430957597,10.00030884395369,7,16.45341577207356,1.7594008493126758,58749.60003771344
148,36.71757362224854,10.047681484983027,2,21.45216255938769,11.770993177505046,98147.96182429102
429,36.7277649546884,10.140561825030575,2,9.773328338920578,9.733408477843556,430518.1573145381
282,36.700542179882866,10.28329109048735,9,14.399453018518031,0.9131529834207843,160821.93319042947
86,36.723339212828336,10.030658085908115,5,24.738288482458913,5.528746895334479,39872.584890921615
329,36.79463324021038,10.25626293233847,2,14.04832331660981,14.360637269167436,378925.16968102986
398,36.821220376211166,10.158107228863559,9,11.055048827100533,7.605936956510979,428379.4598726203
351,36.85885788999329,10.24777622973997,9,15.079267193883847,6.604391213091629,354404.3991344813
230,36.72133985002269,10.089512329296998,1,24.93335294689794,6.973954156357552,118482.40983377678
144,36.87014549200329,10.251984149401743,3,10.388637397440746,3.2914643152764236,154430.2902572751
148,36.84919490510974,10.231846834005042,4,5.625966997504442,5.65686612879897,127527.27753656049
237,36.78170365858718,10.06901610490943,7,21.50441359975803,5.673236188610215,176936.2489940429
165,36.88658761341999,10.039400537922814,4,24.866357274888415,0.9748542987745916,82377.19870471633
240,36.898185895291476,10.260416296759688,2,3.468805616444233,11.560000902065191,316036.9552757426
302,36.74100036201065,10.28897099603204,7,7.5762863263003695,6.364265592177409,382907.8224800073
465,36.77584571699276,10.009390694124255,6,4.6881736979493205,12.368262324883064,905364.4810507472
210,36.88528988471794,10.219381020092106,3,10.764271641673915,12.785150416574451,95149.46420593816
305,36.844319310150254,10.272857353284346,6,13.785353877709673,3.3375120095401396,335249.4633292483
372,36.70961892879282,10.257208027627751,6,22.590376940417542,9.928831536117903,164737.688840754
177,36.856302896350286,10.289356141681063,5,19.708853754009386,7.1897707016121295,105847.98666032175
67,36.8655881774355,10.22802822353143,4,18.81739274061372,13.22631972123798,19720.73781030963
330,36.85010038495306,10.132689628714273,1,10.895060924984804,3.392962051811521,230944.26680072586
272,36.8599074261839,10.09358559714854,6,25.32270281600042,10.231635364588653,146753.9271527822
103,36.86502653533856,10.096222822131438,2,14.402971438245855,9.194731409340294,38982.75231262895
107,36.73728099735763,10.217326801784235,3,29.383595671447058,4.570461868063125,51088.25927813115
372,36.747138349213,10.22375110360929,8,19.207193079724238,2.221693374037355,361673.6931119403
409,36.826751712744034,10.060107743064615,6,4.224809876152831,9.844268455063693,296687.84421570343
223,36.8815732260925,10.26043684404716,3,20.447238081225304,11.131242380358493,181768.41515720508
329,36.7632393164593,10.214477212060675,7,10.09056845523512,4.871284687697581,278598.3431383167
163,36.81766133515901,10.168825085903014,4,20.746652302239873,9.743522539530243,118824.41393524082
337,36.83659641268343,10.141459738030754,9,2.5544138707909694,6.047937432650249,368427.72470835195
480,36.79038972025981,10.162969841736988,5,5.659002396690802,10.755461872582742,352783.5396209004
391,36.84275649097106,10.047773721483779,3,25.744249137720697,3.148386068431986,126126.56627897965
200,36.87993348905843,10.061110374782883,2,7.201796932193689,13.37518203901538,111044.47799025607
499,36.824820308836365,10.027349347121858,2,25.19271319466673,4.45366202769058,171343.12700049693
176,36.807956212382926,10.046097411448335,3,8.738644609405108,5.643232618791063,212387.6908727836
204,36.787748935077666,10.136108090381585,2,19.465016346731876,1.059760890789177,189683.5012811243
435,36.815497254181224,10.159106318118477,4,20.977441918540016,1.8503807423548906,363851.3096319167
322,36.77107249036368,10.005358567743496,2,15.623315217779062,7.834756160142457,289950.43724848685
153,36.7782964220403,10.239039348359208,9,9.506664962553574,4.160371615573978,81803.50948278554
466,36.80637149593763,10.088250392003044,2,6.773009102947336,12.565107340984477,399019.0226660065
442,36.713323822478166,10.273550810487974,9,1.4790859595915735,0.4174621520933169,570477.6563820319
348,36.74580507818496,10.290253379084135,6,9.466418836601353,5.810591920344656,241321.75625377405
295,36.80856986212268,10.055637662402997,1,19.76830232067285,5.192714092182572,191559.01704062015
225,36.78630562862729,10.138629187229698,4,28.17999214423024,0.48604893758049533,116579.15923188614
88,36.766563157182496,10.000369550549928,1,26.200532226760036,2.0406523052075514,38533.445839785556
219,36.84610982736186,10.17949817953673,6,23.098910907791428,6.321911588795802,104431.11486119869
296,36.838743521480666,10.182191934478801,4,23.75919662597231,7.494395849822211,229968.56647920312
75,36.73334615199868,10.074261986681012,3,20.11705465254186,6.183488259372063,63164.64945442218
404,36.87572582307469,10.16752380177496,3,8.17846229819709,8.057877640498988,328283.5068272157
355,36.79908472528079,10.06766204273312,9,27.26225340582198,9.007948788604086,267742.4695171915
458,36.84829218222781,10.048247640723456,6,20.286603201222103,0.3468725526919674,437968.03567532485
457,36.814630169851476,10.19545584004068,9,17.032998613922977,7.068608359911858,256762.84073033347
62,36.899538523184766,10.097777639185622,5,3.7741893417976917,14.459788765136308,71106.58971280696
365,36.850480624007766,10.177079181665688,2,13.68813854228955,7.8816777459173215,294672.4682277911
440,36.841396092248694,10.129974024691498,8,14.080569000456826,10.227625558392507,524491.3218240964
362,36.85571438781015,10.295305422220872,5,26.004626480918763,4.815585097169872,274270.5293937375
85,36.7286255971097,10.04487419280027,2,16.62612249553976,11.655072396660886,32742.360070541694
222,36.74090891863389,10.139379578990743,4,11.721816194627085,11.639237931766504,170063.90796416625
69,36.84281281644472,10.204136987907798,9,29.315609691064452,7.915181505281257,35406.22864501902
370,36.79879629742617,10.11866352516399,4,3.7662575031263126,14.64500458453236,512521.164518914
313,36.85092705837202,10.292409955561208,4,12.965178635202365,2.05814317848727,167163.56300964672
449,36.72058320614883,10.21656628837808,2,1.739727917556456,0.45082544036579875,1028592.1573651294
191,36.807296270296916,10.197095157269349,6,22.327171562624446,11.598341534005021,135257.8947923811
420,36.77576431311138,10.227117780283368,2,27.583258289874944,12.145901953000262,295404.75969380373
192,36.791400043856335,10.285794591411616,7,8.761101221739438,1.9790669909845284,275219.46899305965
141,36.8207915744145,10.272345595895393,3,25.821079465574066,4.13062592778737,96295.25155393986
403,36.80045766949251,10.217285592437925,3,9.120437798625984,0.4597749778261079,372273.9649398354
371,36.807972127422566,10.224748491730386,5,27.367719768495498,4.540967439552358,212784.79563903104
337,36.79727149639912,10.043776622210544,3,22.741876156105125,11.642499733996338,118653.83347152447
264,36.7817910354171,10.0308377213478,2,24.24474991682244,7.865815810146169,175925.72874170018
496,36.85437639611965,10.17127135055325,9,1.0311933902134078,5.351814778890664,537023.6308142928
391,36.70244061446361,10.005510291082162,2,28.902905533683764,5.701741564613688,233847.68445358146
100,36.819688540241046,10.144706914465479,2,21.936794266074536,0.2200336605889287,40865.59041541358
202,36.813101669464594,10.06310487397566,8,9.490157313890933,4.637047807965492,109716.81466847417
235,36.84323581494659,10.103804970293453,9,24.967142613335984,9.767589376241371,78202.58132834054
112,36.81980587295546,10.232741420737888,7,8.804875353240433,14.618077768482085,47908.24742289747
239,36.86535976556181,10.282371251269717,3,26.246238267200773,12.736500239361712,157013.06349971684
174,36.8918149589128,10.021724881643902,9,3.8211215171521418,0.549205476753831,303566.62522564887
199,36.76850485143571,10.160272661792934,3,21.258736335093474,13.498696949187622,123049.70247955955
363,36.745470196606,10.26476004574588,5,16.450605061024852,11.791336516819664,158508.40914812125
107,36.7847193724841,10.024752560332127,9,3.347766870765504,11.74956662885051,78866.14447887725
391,36.757585923295146,10.24735421406905,3,7.63586793363575,6.978337233252859,186696.07765739053
354,36.82299005263053,10.107340405278482,7,0.8659190701807863,6.090478335726642,379429.1836315456
229,36.88237048176859,10.0966284106658,1,14.328654981202922,4.6831527867312515,259781.32330489391
